Algorithm,aucScore,accuracy,balancedAccuracy,f1Score,hammingLoss,logLoss,precision
[BalancedAccuracy] SVM,0.8900092416031046,0.8443904215918762,0.8189716162323988,0.6865951753974986,0.15560957840812395,0.38035309043925275,0.7521290794861382
[Recall] SVM,0.8661838732012201,0.8318545279464805,0.7916255648311905,0.6642603700881421,0.16814547205351954,0.4505716672791894,0.7307673771055718
[BalancedAccuracy] Random Forest,0.8730224076881014,0.8616063926240027,0.7974952919153013,0.6914231385974359,0.13839360737599732,0.3858813197265449,0.7630076272310777
[Recall] Random Forest,0.8730224076881014,0.8616063926240027,0.7974952919153013,0.6914231385974359,0.13839360737599732,0.3858813197265449,0.7630076272310777
[BalancedAccuracy] XGBoost,0.9040421997251279,0.8649662957093037,0.8201771111202305,0.7154687271110279,0.1350337042906963,0.32704151958284644,0.7958411445649892
[Recall] XGBoost,0.9040421997251279,0.8649662957093037,0.8201771111202305,0.7154687271110279,0.1350337042906963,0.32704151958284644,0.7958411445649892
[BalancedAccuracy] Voting Classifier,0.8994336221361426,0.8689604390772514,0.8213545962877099,0.7185373477804401,0.13103956092274863,0.3407927886600602,0.7975428261393762
